workload,ipc_baseline,ipc_branch,ipc_cache,ipc_dram_bw,ipc_dram_lat,ipc_mshr,ipc_rob,branch_pct,cache_pct,dram_bw_pct,dram_lat_pct,mshr_pct,rob_pct,best_class,best_pct,second_class,second_pct,third_class,third_pct,margin_pp,relative_gap,status
600.perlbench_s-210B,2.031,2.118,2.031,2.033,2.043,2.031,2.031,4.283604135893635,0.0,0.09847365829639486,0.5908419497784347,0.0,0.0,branch,4.283604135893635,dram_lat,0.5908419497784347,dram_bw,0.09847365829639486,3.6927621861152007,0.8620689655172409,WEAK
602.gcc_s-734B,0.4372,0.4953,1.129,0.4363,0.5995,0.4372,0.4371,13.28911253430925,158.2342177493138,-0.2058554437328354,37.12259835315646,0.0,-0.022872827081424747,cache,158.2342177493138,dram_lat,37.12259835315646,branch,13.28911253430925,121.11161939615735,0.7653946227233304,CLEAR
623.xalancbmk_s-700B,1.013,1.107,1.049,1.021,1.034,1.018,1.019,9.279368213228045,3.553800592300102,0.7897334649555783,2.073050345508404,0.4935834155972474,0.5923000987166837,branch,9.279368213228045,cache,3.553800592300102,dram_lat,2.073050345508404,5.725567620927943,0.6170212765957447,CLEAR
631.deepsjeng_s-928B,1.393,1.666,1.403,1.399,1.447,1.393,1.393,19.597989949748737,0.7178750897343869,0.4307250538406321,3.876525484565689,0.0,0.0,branch,19.597989949748737,dram_lat,3.876525484565689,cache,0.7178750897343869,15.721464465183047,0.8021978021978019,CLEAR
641.leela_s-800B,1.291,1.556,1.314,1.301,1.315,1.291,1.292,20.52672347017817,1.7815646785437749,0.7745933384972896,1.8590240123934951,0.0,0.07745933384973756,branch,20.52672347017817,dram_lat,1.8590240123934951,cache,1.7815646785437749,18.667699457784675,0.909433962264151,CLEAR
648.exchange2_s-1699B,1.64,2.567,1.64,1.64,1.64,1.64,1.64,56.52439024390246,0.0,0.0,0.0,0.0,0.0,branch,56.52439024390246,cache,0.0,dram_bw,0.0,56.52439024390246,1.0,CLEAR
403.gcc-17B,0.7464,0.9478,0.8011,0.7847,0.8118,0.7482,0.7437,26.982851018220796,7.328510182207943,5.131296891747053,8.762057877813506,0.24115755627009966,-0.36173633440513464,branch,26.982851018220796,dram_lat,8.762057877813506,cache,7.328510182207943,18.220793140407288,0.6752730883813306,CLEAR
445.gobmk-30B,1.047,1.315,1.209,1.159,1.123,1.047,1.047,25.59694364851958,15.47277936962752,10.697230181470879,7.258834765998096,0.0,0.0,branch,25.59694364851958,cache,15.47277936962752,dram_bw,10.697230181470879,10.12416427889206,0.39552238805970097,CLEAR
458.sjeng-1088B,1.105,1.69,1.109,1.107,1.125,1.105,1.105,52.94117647058824,0.36199095022624467,0.18099547511312233,1.8099547511312233,0.0,0.0,branch,52.94117647058824,dram_lat,1.8099547511312233,cache,0.36199095022624467,51.13122171945702,0.9658119658119658,CLEAR
473.astar-153B,1.132,1.755,1.246,1.142,1.194,1.133,1.132,55.03533568904594,10.070671378091882,0.8833922261484107,5.4770318021201465,0.08833922261485089,0.0,branch,55.03533568904594,cache,10.070671378091882,dram_lat,5.4770318021201465,44.964664310954056,0.8170144462279293,CLEAR
605.mcf_s-665B,0.3464,0.3569,0.4358,0.3633,0.4404,0.3466,0.3467,3.03117782909931,25.808314087759825,4.878752886836035,27.13625866050809,0.05773672055428219,0.08660508083141527,dram_lat,27.13625866050809,cache,25.808314087759825,dram_bw,4.878752886836035,1.3279445727482653,0.04893617021276585,AMBIGUOUS_MARGIN
620.omnetpp_s-874B,0.4543,0.4723,0.8711,0.4866,0.5967,0.4545,0.4547,3.962139555359898,91.74554259300022,7.109839313229143,31.344926260180504,0.044023772837339534,0.08804754567466684,cache,91.74554259300022,dram_lat,31.344926260180504,dram_bw,7.109839313229143,60.40061633281972,0.6583493282149712,CLEAR
429.mcf-51B,0.1256,0.1408,0.3124,0.1488,0.1933,0.1257,0.1257,12.101910828025494,148.72611464968156,18.471337579617835,53.901273885350335,0.07961783439491779,0.07961783439491779,cache,148.72611464968156,dram_lat,53.901273885350335,dram_bw,18.471337579617835,94.82484076433123,0.6375802997858672,CLEAR
471.omnetpp-188B,0.3152,0.3528,0.7869,0.3426,0.4459,0.3149,0.3154,11.928934010152293,149.65101522842644,8.69289340101524,41.46573604060915,-0.09517766497460882,0.06345177664975682,cache,149.65101522842644,dram_lat,41.46573604060915,branch,11.928934010152293,108.18527918781729,0.7229171083315666,CLEAR
483.xalancbmk-716B,1.409,1.618,1.613,1.442,1.521,1.41,1.409,14.833215046132013,14.478353442157555,2.342086586231364,7.948899929027671,0.07097232079488218,0.0,branch,14.833215046132013,cache,14.478353442157555,dram_lat,7.948899929027671,0.35486160397445765,0.023923444976077065,AMBIGUOUS_MARGIN
450.soplex-247B,0.2593,0.2704,0.9797,0.3163,0.4077,0.2598,0.2595,4.280755881218665,277.8249132279214,21.98225993058236,57.23100655611263,0.19282684149633647,0.07713073659854744,cache,277.8249132279214,dram_lat,57.23100655611263,dram_bw,21.98225993058236,220.59390667180878,0.7940033314825098,CLEAR
482.sphinx3-1395B,0.5833,0.5887,1.937,0.6489,0.8567,0.5867,0.5845,0.9257671866963758,232.07611863535058,11.246356934681979,46.871249785702034,0.5828904508829005,0.2057260414880814,cache,232.07611863535058,dram_lat,46.871249785702034,dram_bw,11.246356934681979,185.20486884964856,0.7980350151436804,CLEAR
619.lbm_s-4268B,0.4407,0.4408,0.7074,0.84,0.6701,0.4475,0.4407,0.02269117313366111,60.517358747447254,90.60585432266849,52.053551168595426,1.5429997730882752,0.0,dram_bw,90.60585432266849,cache,60.517358747447254,dram_lat,52.053551168595426,30.088495575221238,0.3320811419984973,CLEAR
603.bwaves_s-3699B,1.941,2.721,1.941,1.943,1.947,1.941,1.941,40.1854714064915,0.0,0.10303967027305522,0.30911901081916565,0.0,0.0,branch,40.1854714064915,dram_lat,0.30911901081916565,dram_bw,0.10303967027305522,39.876352395672335,0.9923076923076922,CLEAR
649.fotonik3d_s-1176B,0.3899,0.3899,0.3966,0.4785,0.6295,0.3897,0.3899,0.0,1.7183893305975848,22.723775327006912,61.451654270325704,-0.05129520389844408,0.0,dram_lat,61.451654270325704,dram_bw,22.723775327006912,cache,1.7183893305975848,38.72787894331879,0.6302170283806344,CLEAR
654.roms_s-842B,1.506,2.334,1.506,1.507,1.52,1.506,1.506,54.98007968127491,0.0,0.06640106241699135,0.9296148738379822,0.0,0.0,branch,54.98007968127491,dram_lat,0.9296148738379822,dram_bw,0.06640106241699135,54.050464807436924,0.9830917874396135,CLEAR
470.lbm-1274B,0.6149,0.6152,0.8849,0.9663,0.9775,0.6152,0.6146,0.04878842088143876,43.90957879329972,57.14750365913158,58.96893803870549,0.04878842088143876,-0.04878842088143876,dram_lat,58.96893803870549,dram_bw,57.14750365913158,cache,43.90957879329972,1.8214343795739083,0.03088803088803078,AMBIGUOUS_MARGIN
410.bwaves-945B,2.993,3.271,2.993,2.994,2.995,2.993,2.993,9.288339458737054,0.0,0.03341129301705092,0.066822586034087,0.0,0.0,branch,9.288339458737054,dram_lat,0.066822586034087,dram_bw,0.03341129301705092,9.221516872702967,0.9928057553956826,CLEAR
433.milc-127B,0.4789,0.507,0.5798,0.5589,0.7314,0.4792,0.4789,5.867613280434331,21.06911672583003,16.70494884109417,52.7249947797035,0.06264355815410784,0.0,dram_lat,52.7249947797035,cache,21.06911672583003,dram_bw,16.70494884109417,31.655878053873472,0.6003960396039605,CLEAR
437.leslie3d-273B,0.7192,0.7194,1.132,0.7922,0.9884,0.7192,0.7187,0.027808676307020164,57.397107897664064,10.15016685205785,37.430478309232484,0.0,-0.06952169076751182,cache,57.397107897664064,dram_lat,37.430478309232484,dram_bw,10.15016685205785,19.96662958843158,0.3478682170542634,CLEAR
462.libquantum-1343B,0.2857,0.3233,0.5156,0.3581,0.4817,0.2857,0.2857,13.160658032901633,80.46902345117253,25.341267063353154,68.60343017150858,0.0,0.0,cache,80.46902345117253,dram_lat,68.60343017150858,dram_bw,25.341267063353154,11.865593279663955,0.14745541539799883,AMBIGUOUS_RELATIVE
